"time","SP_1","SP_2","SP_3","SP_4","SP_5","SP_6"
23,1.1191009850976,0.991585062944918,0.722853171058116,1.15320019780007,0.784991300523683,0.664127621685712
24,1.15257365470514,1.02192342663463,0.742562813571637,1.1833037137616,0.806485279031038,0.682298996948465
25,1.10039118376178,0.974627841373885,0.711953824689343,1.13628104250693,0.773046775405086,0.653857887002163
26,1.12628569179659,0.99922507358197,0.723862335921428,1.15248143533919,0.786280925871339,0.665319207347732
27,1.11234001092927,0.986166723238953,0.717830392541983,1.14755071750501,0.779913300116047,0.661413086711179
28,1.11645414482132,0.989778578340173,0.718638087649659,1.14485797741529,0.780614580729764,0.660274485189515
29,1.13256513574488,1.00454111139265,0.729801744787209,1.16547066104942,0.792912324957898,0.672186833766267
30,1.13142621180419,1.00240819562424,0.730174519812298,1.16443841845318,0.793023897181275,0.670760124773388
31,1.1437074424671,1.01382486635622,0.737919185620243,1.17642808583796,0.801358905738235,0.677869980953336
32,1.12322133249967,0.995062193857914,0.725767400088962,1.15730820986763,0.788045686521218,0.666344350149745
33,1.12899921722672,1.00099370599254,0.727663190408783,1.1594986903878,0.790240699971657,0.668460415687839
34,1.1329288615555,1.00424178322066,0.730975450871451,1.16651618317739,0.793954329985851,0.672250287387824
35,1.1148228956764,0.987909595786434,0.71941017439673,1.14679375784367,0.781249806565288,0.660655427144298
36,1.13355616551169,1.00534441422938,0.730047648138588,1.16420946939026,0.793020151896909,0.671521334904923
37,1.12373529614127,0.99579307811896,0.725456361925526,1.15781185558453,0.787945827148999,0.666972948777775
38,1.13198014112122,1.00349341238089,0.729648988515351,1.16279557986899,0.792435994559487,0.67027425287559
39,1.12889907331309,1.00060519836487,0.728595579839205,1.16258900222467,0.791323843775738,0.669871389640176
40,1.1235942755737,0.99582630185305,0.724713328723301,1.15515116519356,0.787038522144254,0.665651109504861
41,1.13377590833967,1.00523951664644,0.730970029902892,1.165958538126,0.793954131089463,0.67216162900608
42,1.11254448619238,0.985862932532892,0.71812980944511,1.1453947176967,0.77990799504186,0.659819455569081
43,1.12907029948082,1.00138470355063,0.726897690572465,1.15882271889709,0.789601413634309,0.668483238934902
44,1.14946792948582,1.01882396231634,0.74171083320503,1.18408347114546,0.805683421591657,0.682327519088081
45,1.13348953688063,1.00388066170984,0.7327596887666,1.16775426400881,0.795538785472403,0.672049807862617
46,1.12397080212398,0.996318818500626,0.725210673925061,1.15546484903716,0.78743057971253,0.665796337050195
47,1.14116916810046,1.01171647983661,0.73578555277642,1.17364957926878,0.79916690558437,0.676588710855261
48,1.08875999890364,0.964566080933743,0.703401649202575,1.12182222149359,0.763820567687553,0.645923892327354
49,1.14454951104096,1.01594163583735,0.73480791469812,1.17110318082446,0.798419368951359,0.676574216303187
50,1.09022914986932,0.965667743475292,0.705263629963181,1.12770019082551,0.766099626483181,0.649059394373111
51,1.14342962829062,1.01459745015495,0.73391518316674,1.16789472402842,0.797308052482941,0.674536264377289
52,1.1384939692465,1.00887391341379,0.73625967456357,1.17784175172135,0.799826371321414,0.678193041349177
53,1.1235774321756,0.995114267963827,0.725081642565533,1.15332999146268,0.787140206972286,0.664100484303245
54,1.12172960862143,0.995046739095487,0.723248775634119,1.15420863060678,0.785564867172338,0.665572567151387
55,1.1247113741567,0.996773972233761,0.724969161723479,1.15618828496813,0.787475117030148,0.666472592952599
56,1.14708001506653,1.01704547608075,0.739661373086844,1.17994324318063,0.803415566861607,0.68013731796834
57,1.13941223047331,1.00917795803307,0.736520944366668,1.17450034320441,0.799710667369627,0.676054581076069
58,1.1008695437462,0.975597660598013,0.710729375048985,1.13211177148371,0.771633379780712,0.652066671731455
59,1.13794449860929,1.00973126084847,0.731707258005716,1.16701662755547,0.794977041799736,0.673771236280493
60,1.13293023330788,1.00372454055075,0.731942860357322,1.16904468670515,0.795048612130278,0.673194682264606
61,1.1049840719448,0.979204459752881,0.712810975043527,1.13502044943774,0.773967418871562,0.653889534499325
62,1.14729428298631,1.01800657444991,0.738164772210626,1.17785611413069,0.801995758283859,0.679870467200676
63,1.116256488113,0.98849639683621,0.72190170975237,1.15242141625985,0.783978585569301,0.663191085307954
64,1.13593549937641,1.00736153734094,0.731341492295227,1.16435009929514,0.794235154646502,0.671534167133739
65,1.11001606308947,0.983768962209164,0.716986096259412,1.14524701297247,0.778768578434104,0.659723531443033
66,1.1283223627162,1.00053907123457,0.726026342909933,1.15644579851001,0.788621232141702,0.667133395728306
67,1.13354294760132,1.00494903827697,0.731513643758301,1.16850086721149,0.794662608568123,0.673422583717085
68,1.12918713971256,1.00040705992067,0.728643351095611,1.16095766628682,0.791237151966336,0.668728007012758
69,1.14400231882947,1.01428340213075,0.737993824503906,1.17701323629686,0.801488984956991,0.678356366701897
70,1.11341062287652,0.986227918778316,0.719487935897173,1.14722862285502,0.781226181850371,0.660467726066883
71,1.13001217248866,1.00231386210561,0.727447715925483,1.1591623751876,0.790121162016543,0.668705768871787
72,1.13384112428569,1.00493214400226,0.731801058824679,1.16856979776454,0.794923142758962,0.67334819487933
73,1.12376353113476,0.995757888775595,0.725169398301617,1.15546051327251,0.787455458494133,0.665582564141341
74,1.12813543078165,1.00032274960511,0.727298720398301,1.15998046751259,0.789938710004154,0.668763607313496
75,1.12797230465301,0.999705997480523,0.727638508062286,1.16068557533227,0.790309665105787,0.668858202631097
76,1.12257013159304,0.995076844901648,0.724038331830678,1.1544745179448,0.786351720667768,0.665320235939262
77,1.12131827525109,0.994122919105737,0.722825066020204,1.15285967910476,0.785118603396979,0.664632718125504
78,1.13478660190567,1.00607307574535,0.731456561297354,1.16684807918355,0.794542903171453,0.672707399845195
79,1.12013414697088,0.99259107149034,0.723135262460053,1.15343841120511,0.785340497538793,0.664403574958554
80,1.14879024563437,1.01858190477752,0.740211607543705,1.1798889846752,0.80396008668415,0.680318426148038
81,1.10824761448318,0.981645083462525,0.716751511082805,1.14378843821436,0.778282749116668,0.658289671067937
82,1.14113071979218,1.01217383608558,0.734037352881147,1.1688635478494,0.797270221774328,0.674480446250825
83,1.14457037474912,1.01421811422398,0.739783027288107,1.18200208266881,0.80352414306936,0.680656572464113
84,1.1281208350221,0.999137719324372,0.728652707361885,1.15980672049799,0.791000969073838,0.667648571824291
85,1.12884311885964,1.00105167160102,0.728070842086325,1.16111339404675,0.790683301373443,0.669342543358319
86,1.1066441826039,0.980677720062663,0.713914067745973,1.13860962692197,0.775374073146017,0.656101247773136
87,1.12185888500408,0.995281751375186,0.721770008154279,1.15102872269648,0.784148741763703,0.664250426719335
88,1.13908445675623,1.00974262430234,0.734501764608286,1.17291616026106,0.797979718640463,0.676134124866917
89,1.13182798715862,1.00273457353169,0.730916219337895,1.16510554665036,0.793691263039246,0.670897016140131
90,1.1115253218229,0.985287832654003,0.717120002267647,1.14307509940654,0.778730071069224,0.658698097909767
91,1.13158041663589,1.00362214012682,0.728501630717707,1.16198240435647,0.791410335746467,0.670373880266985
92,1.12479598309264,0.99679273363703,0.726053912390241,1.1589243971368,0.788637119358025,0.667649716509102
93,1.12055435717374,0.993303700176452,0.722332410431629,1.15106255383127,0.784477943277376,0.663473332130877
94,1.12859722784118,1.00076450208793,0.727449827350383,1.16084908465659,0.790215170669752,0.669351934828245
95,1.1140991015511,0.987333155394959,0.718723348621572,1.1463131232208,0.780620204896367,0.660511386399875
96,1.12253518795187,0.995577371240934,0.722827462981942,1.15264290746917,0.785203128413008,0.664872257154464
97,1.11889242608365,0.991874248972636,0.721468225626696,1.15164948492729,0.783755225458338,0.663865817915543
98,1.13849207790243,1.00937486585753,0.733538777383887,1.16962212832265,0.796797006545624,0.674372619019257
99,1.13202090275409,1.00307424743358,0.731197968355464,1.16673344463172,0.794087377236447,0.671933526271301
100,1.14062259520225,1.0108623649484,0.735845177632341,1.17235819177004,0.799031324023443,0.67547360357011
101,1.13001221581628,1.00137542230291,0.729982234393915,1.16442067285788,0.792676379706415,0.670602349212778
102,1.13415257833783,1.00518605826835,0.731518117808483,1.16557666670396,0.794360282394002,0.671662191099205
103,1.12453479722104,0.996735024712886,0.725929604546171,1.15808368611454,0.788366593725682,0.667203661704165
104,1.13396718414719,1.00517041513593,0.731014901977214,1.16517960156975,0.793925620450341,0.671633488452042
105,1.14324612344666,1.01327173891277,0.738020869526701,1.17750046906308,0.8015267612811,0.678362725425713
106,1.1233157398286,0.995082193630381,0.725701325303316,1.15650521203484,0.787921427942305,0.665850861685381
107,1.13273067946087,1.00443410583064,0.730067507807234,1.16367395948148,0.792877275880643,0.670937231947236
108,1.13458303545382,1.00547244690047,0.73237776938014,1.16867594775791,0.795432745447055,0.673296515289107
109,1.13057640538969,1.00188421500544,0.729656695523648,1.1628301262819,0.792322572674905,0.669848631393796
110,1.15821828079544,1.02667850603918,0.747261895357816,1.19163185919341,0.811527054424041,0.686698735417731
111,1.10822497497726,0.981242182580137,0.717340670488748,1.14369616612646,0.778714116538857,0.657848182481859
112,1.14658359261055,1.01721882315224,0.737459153705535,1.17418410055788,0.80094832391226,0.677660909724368
113,1.11320114046079,0.986106032059886,0.72016095270741,1.15095071527338,0.78216241337757,0.662468530933157
114,1.13832570072398,1.00931972867633,0.732450276723672,1.16538871605476,0.795440219163808,0.672200459965606
115,1.12268268199264,0.995120769508264,0.725512891092129,1.15953180577839,0.788051145776671,0.667882266334358
116,1.13143524935956,1.0026713080417,0.728957803892947,1.16039942469962,0.791605579828099,0.668860343618767
117,1.12235402249455,0.995171578474813,0.724491373950813,1.15689800377002,0.786925524330993,0.666687240015258
118,1.13696116539582,1.00760837653644,0.732704740045446,1.16747904286245,0.795773736257716,0.672969270392232
119,1.11363418141428,0.987111495319477,0.719252153069084,1.14791542665953,0.781131193997729,0.661208998453019
120,1.12165678961534,0.994514968733948,0.722020846825486,1.15038826467482,0.784249854592083,0.663572245693409
121,1.11780265168056,0.991228339169762,0.720800590643082,1.15120087504711,0.783081155692485,0.663696758290728
122,1.12598405705846,0.998085664080648,0.725339378726749,1.15625964000602,0.787890503184648,0.666667717015777
123,1.13843363407003,1.00935734683265,0.734311306386451,1.17199408379407,0.797637138177248,0.675513823060431
124,1.11297410647512,0.985935762455506,0.718722774889669,1.14571117323868,0.780443053298277,0.659766494429717
125,1.13908339473081,1.01044969583579,0.733291364702883,1.16897405797811,0.796526804502741,0.674413932921042
126,1.10550632908655,0.979359623951392,0.714364572836184,1.14058850039719,0.775864403431012,0.656760958132715
127,1.1468339048987,1.01733097870812,0.737460718952041,1.17454746145341,0.801073324281661,0.677852274758827
128,1.11611652258305,0.988708403233729,0.722073650461407,1.15395146697033,0.784233437547279,0.664177241067655
129,1.13086656217683,1.00259883443367,0.727842074016592,1.15796045290016,0.790395927516365,0.667815890629348
130,1.11671510018145,0.990131135148911,0.721018296728815,1.1523268823804,0.783246893341054,0.664057739317887
131,1.12173442169114,0.994226129684127,0.722291229879863,1.15031624947006,0.784498299946844,0.663270178171363
132,1.13481111415682,1.0064964065569,0.731728550904187,1.16860550495435,0.794932539100971,0.67380227249286
133,1.13228047765952,1.00296267728222,0.730886289027099,1.16506183704335,0.79371090115817,0.670995038289302
134,1.11748352577366,0.990728989307053,0.721055492644962,1.14959890709359,0.783025919530811,0.66243380419113
135,1.11892541434994,0.992058874369739,0.720787675791029,1.1494833650259,0.782952248382567,0.662919552622207
136,1.12330119126555,0.996049932215178,0.723951676094932,1.15537254652856,0.78647173162917,0.666173383161231
137,1.1378755509699,1.0085940325002,0.733596626513247,1.17006664604438,0.796841423865118,0.674434027578041
138,1.11414804643929,0.987275332686039,0.719545982317082,1.1476354385165,0.781386379268543,0.660942909680781
139,1.15287515744141,1.02240111398461,0.742244960938332,1.18295596096246,0.806221934035962,0.682377134235729
140,1.13183024298917,1.00239106079466,0.73250507524813,1.16949401796661,0.795396543397404,0.672873081855169
141,1.12943043409,1.00095158437144,0.728246989539401,1.15869852223202,0.790635457280523,0.667672597495592
142,1.12260214876574,0.995397922717878,0.724429398591353,1.15666305048312,0.786852839575191,0.666676889584042
143,1.13954191534627,1.00994348614372,0.734436973304378,1.17046946243893,0.797677634538642,0.674672731725241
144,1.12626050320731,0.99814789138698,0.727601350351683,1.16106758255628,0.790155097582133,0.668665132042862
145,1.12145858593551,0.993958379173541,0.722927876949567,1.15162975616942,0.785062998998182,0.663779607441342
146,1.14468339476429,1.0151280117876,0.737922723356267,1.17773188869427,0.801590492476915,0.679070520487114
147,1.11878678748542,0.990806900684067,0.723121225245711,1.15305809679763,0.785182856092487,0.663686214566326
148,1.13712367816787,1.0085367415396,0.732355782384778,1.16674682473228,0.795372568756443,0.67291682923086
149,1.12115040000957,0.993403432139896,0.724269563605748,1.15646315848909,0.786633985527232,0.666057889473415
150,1.12577610681102,0.998053992663612,0.725231888313931,1.1550367283957,0.787615686726681,0.665923697039692
151,1.13927558392934,1.01011304400149,0.734916295262504,1.17343099401584,0.798319431753576,0.676401156651307
152,1.10680469502124,0.98038458371009,0.714797109915705,1.13917186714591,0.776152793981845,0.655911998763273
153,1.16004323157436,1.02931553220117,0.746249345452523,1.18971902038103,0.810676404531956,0.686676364587873
154,1.11581427682316,0.987665670670803,0.72295747409167,1.15462093997293,0.784986494784392,0.663886896668998
155,1.15161868149502,1.02131647552337,0.741014096538356,1.17830317733653,0.804611712198809,0.679684348450409
156,1.09695285780795,0.971768546071483,0.710227147767395,1.13563097312581,0.771316645041268,0.653523382368606
157,1.13570827477453,1.00745623375978,0.729112992020741,1.15939180843516,0.791965432179512,0.669461489648236
158,1.12857890324822,1.00050845013726,0.729525054301773,1.1677186104765,0.792607978204707,0.672644796272957
159,1.12481338777031,0.99629075261383,0.724992238464907,1.15293828395604,0.787159424876899,0.664216283004048
160,1.14000423666518,1.01139572217936,0.735297105371694,1.17440289689741,0.798734380571248,0.677180627126828
161,1.11229696866915,0.984825262637555,0.718432315824214,1.14492887899248,0.780101205173454,0.659122001989608
162,1.13214262906782,1.00465775013856,0.728679465641884,1.16160271727128,0.791519823497977,0.670277766383398
163,1.12258402808419,0.994535823850862,0.724838529303706,1.15750458163975,0.787342476956822,0.666778260150573
164,1.14970440517245,1.01933731484996,0.740852042955231,1.18016861340073,0.804589019576647,0.680327608081449
165,1.09465277464496,0.969584663532652,0.7081944017045,1.13048156363551,0.768977795885219,0.650602991354118
166,1.1316555636025,1.00429827287321,0.726470490384528,1.15645032684303,0.789212798205656,0.667987768928414
167,1.12587388681818,0.997900199045719,0.727406117743765,1.16390647051203,0.790340987693643,0.670500972329052
168,1.11874105402753,0.99122521955167,0.720914753284766,1.14688013033077,0.782798184034307,0.660872009113768
169,1.14634733824942,1.01704301694903,0.73886143472233,1.18008498078958,0.802690229979324,0.680677698177939
170,1.12983542373323,1.00022850917181,0.730408762978818,1.16443983111077,0.79307532919672,0.670065996546126
171,1.12977979096764,1.00186117846984,0.728514744729466,1.16048699171737,0.791051039837073,0.668898180860406
172,1.12683079593982,0.998649969427093,0.727123520060307,1.16039543111735,0.78975046840373,0.668698851744443
173,1.12715844507072,0.99915863936114,0.726828391296669,1.15850741693235,0.789368404809113,0.667656334094906
174,1.12492922029565,0.997211263213588,0.725594823273453,1.15758417330105,0.788095059875192,0.667191669242909
175,1.13918568252556,1.00980943584542,0.734502779217175,1.17118985852238,0.797762193562189,0.675053604394709
176,1.10983893148667,0.98339076569683,0.716916308796699,1.14354483230482,0.778515983013889,0.6585358078334
177,1.14712462444345,1.0174884441264,0.738069474145706,1.17613705139401,0.801730799319223,0.678659752269549
178,1.13427371975439,1.00472131744718,0.73376095017943,1.17203805863338,0.796874086695931,0.67453606174481
179,1.1193665506558,0.991869492462058,0.721940465869022,1.14856053426559,0.783768828271777,0.661692505682009
180,1.14400854832707,1.01481230797172,0.737309281821024,1.17714599376087,0.800951050432673,0.67895514225923
181,1.11332569396273,0.985807671296659,0.719614313471944,1.14745678084218,0.781391694266152,0.660394617860111
182,1.13171363162987,1.00406105382814,0.728316269058939,1.16028656961214,0.791053103487191,0.669478827051177
183,1.1285148537157,1.00001570350292,0.728699553240398,1.16408541361609,0.791565736707579,0.670632969477198
184,1.10222111769807,0.976876850513127,0.710677709252353,1.13169905368633,0.771725203099759,0.652111153301518
185,1.13338066894531,1.00583599870771,0.728878257681503,1.16349341036352,0.792008010041897,0.671787113090871
186,1.12815106008321,0.99935094502299,0.728601559282902,1.163304963804,0.791432065853509,0.669908529578153
187,1.1365504947489,1.00751684038632,0.732784600634131,1.16711526726671,0.795732653399295,0.67262682134502
188,1.10542187160705,0.979651478570794,0.713928640274334,1.13947207540903,0.775340939032492,0.656382930971758
189,1.12992156314755,1.00229202417251,0.726547972134447,1.15760889424421,0.789280703409922,0.668118649850292
190,1.12236946169791,0.9948258959836,0.724705712542302,1.15815344403591,0.787293662803574,0.667267958935449
191,1.11899943297121,0.99175958555058,0.720939677159923,1.14793816318586,0.782940197476565,0.661704618351493
192,1.13026777888936,1.00256058044583,0.728510679082527,1.16335023304289,0.791446863580243,0.67093165308875
193,1.12468749001773,0.996370993523569,0.725693398088363,1.15705385501809,0.788150620268612,0.66653309676107
194,1.13678229057477,1.00806731614105,0.732879076825111,1.16862029301036,0.795981472480418,0.673697533284254
195,1.10774180611134,0.9813782385936,0.715396200648579,1.14122958848822,0.776906481754175,0.657266138936113
196,1.13646712590759,1.00825794840101,0.73099688538828,1.16494233206398,0.794091845073878,0.672307865466469
197,1.09792720588353,0.972734149904191,0.709516929890825,1.13362825428544,0.770687029037394,0.652804104626383
198,1.15572972000256,1.02541433656208,0.742335827440204,1.18190008273751,0.8064513821212,0.682430636878081
199,1.1243921616076,0.995738729726173,0.728542141582071,1.1652473430558,0.791226260854734,0.670218681909027
200,1.11145681396455,0.985035778203808,0.715543106633031,1.1366090969866,0.77680283364528,0.655238724799028
201,1.12683326235389,1.00016984793483,0.725911189285982,1.16102495818946,0.788840274388544,0.670071396989382
202,1.12440013919755,0.995754838218005,0.725217732057384,1.15583242690976,0.787678237482103,0.665778202446022
203,1.13864413473045,1.01003011696185,0.734116341073073,1.17099792930896,0.797354806483638,0.675136992089436
204,1.12671062658961,0.997883241141972,0.72776976491903,1.16074787686823,0.790310989199563,0.668392468027903
205,1.14129102404377,1.01202095214138,0.735784000118616,1.17242332376328,0.799037803254752,0.675810308953475
206,1.14167633754407,1.01139628961119,0.737726998710755,1.17719585311609,0.801121838893155,0.677857230587118
207,1.11994238216926,0.992309117013578,0.72322470987079,1.15179997089491,0.785174773586595,0.663237005309853
208,1.131172240424,1.00320670627874,0.728791672307963,1.16229756828114,0.791592999181026,0.670367303804645
209,1.10470771205423,0.978910098019799,0.713078631972504,1.13791190279284,0.774504519790639,0.655519426218886
210,1.16737726463879,1.03564968305651,0.750703223636635,1.19652110057101,0.815557610672175,0.69060609085502
211,1.10716936511338,0.979838714188168,0.718235558292448,1.14744177924339,0.779776499179426,0.659386711820077
212,1.14339002121075,1.014326733406,0.734540668323622,1.16696358850628,0.797608150858593,0.673642088054347
213,1.11408599223228,0.987339547395703,0.721005388672417,1.15449987447001,0.783259049193401,0.664697235083988
214,1.11546288102552,0.988563687258383,0.717363570744739,1.13973073894807,0.778967220647222,0.657289347735026
215,1.13541626113595,1.00774739447417,0.731943056991242,1.17114388237481,0.79539583124057,0.675697188607998
216,1.13623138975982,1.00579943336828,0.733461629570597,1.16825217171278,0.796462240379944,0.672561592515407
217,1.1075456392361,0.982311646726588,0.714994771396136,1.14028413175201,0.776400860944644,0.657035102658888
218,1.15015090956515,1.0197807315996,0.739899448372813,1.17960470383057,0.803811069800417,0.680718321590185
219,1.094719391937,0.96975651896924,0.708650766307015,1.13186082048688,0.769547810764196,0.651149755700007
220,1.13913929764162,1.01072553378767,0.731001882197153,1.16287581986993,0.794078140337731,0.671764575181874
221,1.13327694503525,1.0044249181671,0.733068054632312,1.17365964167627,0.796443458979304,0.675782882012759
222,1.13993135092014,1.00952388714399,0.734968919967389,1.16803574480332,0.797864033105011,0.67274846787937
223,1.13449779300782,1.00614203780748,0.733112104871423,1.1711946902509,0.796180712198204,0.674745758115742
224,1.13201736400752,1.00244637523583,0.730345439861958,1.16261061430151,0.792979925309039,0.669609806886671
225,1.12367920166523,0.996669139600657,0.725209146664555,1.15733098584267,0.787615344910225,0.666999628114576
226,1.11620478604373,0.9889972185246,0.719450754973011,1.14667286523343,0.781393184021539,0.660949546569011
227,1.13485662190908,1.00680669990965,0.731085148141993,1.16672565578018,0.794231957653485,0.672947069055126
228,1.12404624372384,0.995605432370245,0.725835900256923,1.15789693713675,0.788290278933261,0.666836919936412
229,1.12250058656736,0.99544249688863,0.723421332924054,1.15276619778915,0.785655342137708,0.664594995202975
230,1.14349998740973,1.01369003956067,0.73728257584175,1.17680569730199,0.800901717431999,0.678448054348887
231,1.10884927902169,0.98222399686813,0.716639836574115,1.14250809919516,0.778128190785189,0.65762722845105
232,1.14225093651652,1.01339050800855,0.734682743545432,1.17064025752776,0.798046900003957,0.675671481685117
233,1.10205336458288,0.97619940131667,0.712783680032577,1.13900633488905,0.774176251425223,0.655607526017877
234,1.12151305337459,0.994964520728308,0.720356784978222,1.14605193110274,0.782464417450571,0.661676156820965
235,1.15124766574686,1.02094566302308,0.742846257118674,1.18865666766182,0.807222576038453,0.685297280365735
236,1.14301727783536,1.0116094814687,0.739048552017542,1.17629426026994,0.802243676744874,0.676588639053557
237,1.13373001205616,1.00523960005167,0.732251800530477,1.16714154927621,0.794973240042031,0.672348965496979
238,1.13862711407172,1.00877410864064,0.734791188895056,1.17132485321037,0.797919356220413,0.674824273119204
239,1.1051093005375,0.979517251992111,0.713706508644489,1.13805714157846,0.774993600208759,0.655455952905036
240,1.14386001417269,1.01465846119766,0.735500569623262,1.17236967495342,0.799037795948342,0.676751149449496
241,1.12492194444868,0.996531375659276,0.727673374805935,1.16268650764173,0.790331874501566,0.669165846489284
242,1.11281859101262,0.986325195989973,0.7167783646346,1.1400801285884,0.778265113409106,0.657231301220996
243,1.12279637157611,0.996321900277804,0.723270080616058,1.1559294603233,0.785900583328669,0.666995839806423
244,1.1502629703753,1.0190653261512,0.741573339300642,1.18236656140158,0.805516399838569,0.681335306867758
245,1.12644863839107,0.998066230320376,0.728647204948036,1.1622283072807,0.791101370578124,0.668854661313806
246,1.11603504227442,0.989184892571843,0.719139111566896,1.1449361830297,0.780879676089141,0.660064199901929
247,1.13165316210041,1.00392422710723,0.729154033309247,1.16451526704052,0.792202016029498,0.671717558168138
248,1.13115973439285,1.0019662498248,0.730065891169695,1.16412365380866,0.792893961660901,0.670501557369293
249,1.11342824372278,0.98720831631367,0.718317867867437,1.14513350494576,0.780060703593693,0.659906076933133
250,1.12001202002854,0.993157117701082,0.721083601369109,1.15015612980828,0.783352380925403,0.663522620674253
251,1.13995706409526,1.01075235014725,0.734891702874776,1.17312182067753,0.798377622282497,0.676302538085485
252,1.12821867265531,0.999354613449183,0.728825608227105,1.16196004845028,0.791403940280722,0.668999534182093
253,1.12615552245571,0.998501106396314,0.726111950218666,1.15712610359872,0.78851808590626,0.666994739091995
254,1.12036804310615,0.993107665576266,0.722629311915263,1.15314087972192,0.784915705576267,0.664649092109306
255,1.14644110771196,1.01643469530182,0.738739039408108,1.17782669292941,0.802417200258891,0.679071365540553
256,1.12187925781225,0.993731323777201,0.725508445444333,1.15766073016426,0.787788789576648,0.666294722206387
257,1.14262445944199,1.01311309295738,0.735920737568087,1.17164429111478,0.799161209448602,0.675618216359313
258,1.11384873027804,0.986943844446279,0.72021380113442,1.15047814187206,0.782178260056933,0.662384397147756
259,1.14273783821417,1.01322165311626,0.735217327535564,1.17006329687375,0.79848562435312,0.674953755513327
260,1.11958785048702,0.992190452518593,0.724147954374562,1.1576297073189,0.786521052204357,0.666492144307446
261,1.12298205595139,0.995263088051501,0.722855195579372,1.14962089826447,0.784939011821337,0.662872029302719
262,1.1340337717448,1.00604264821209,0.731574113176982,1.16959251072692,0.794828459672166,0.674400886264393
263,1.14199206368509,1.01120903835863,0.736980795564014,1.17376996692453,0.800266332450475,0.675914880027118
264,1.13232006060495,1.00391660857731,0.731585990861848,1.16696738950906,0.794370266806645,0.672109451004847
265,1.1237305358827,0.995508274239786,0.724888576167259,1.15482884772139,0.787130368318614,0.665378127313046
266,1.13683197367463,1.00834842631709,0.732937828257455,1.16942205894417,0.796115365943351,0.674233501955452
267,1.11597257176933,0.98841164041225,0.720704500901578,1.14932284750758,0.78264743481078,0.661848751065752
268,1.13263304183068,1.00480197828318,0.729199171196591,1.16215334032365,0.79204413406166,0.670412919613433
269,1.13096081071457,1.00204784730562,0.730342750521283,1.16631427946559,0.793299367157948,0.671841475674718
270,1.12756746142955,0.999366820784734,0.727228927438674,1.1581191808784,0.789665788852621,0.667265090258981
271,1.11948361706732,0.992538638683682,0.72215084748086,1.15255495245568,0.784370036715525,0.664372440135417
272,1.13163499242049,1.00317790306114,0.729082833483824,1.16228021014847,0.79193544877036,0.670117649803269
273,1.11671853255271,0.989832876496922,0.72088907659541,1.15056038525863,0.782975502127688,0.662877019365229
274,1.15014818686603,1.01974210275016,0.740607222132068,1.18016994734961,0.804431129699808,0.68063290463887
275,1.11175858435005,0.984760998531214,0.719540506454824,1.14893927991765,0.781322949238133,0.661077802127685
276,1.15142437580704,1.02112625843386,0.740448046390818,1.17800046542151,0.804139244433549,0.679740469536633
277,1.10337800338845,0.97746107693015,0.714683990132145,1.14312602915398,0.776181398413095,0.657687475760653
278,1.15241554864296,1.02197799694355,0.740045678026556,1.17594773540715,0.803716447640822,0.678836363018748
279,1.11244783328216,0.985784408040706,0.720979371410211,1.15477364468191,0.783127509519009,0.664397068572781
280,1.14622639084707,1.01572580798446,0.736677387634673,1.16929664632606,0.799857055886599,0.674488846361651
281,1.1120021338921,0.986152256716213,0.720013500167047,1.15337887678248,0.782136821672512,0.66407014027677
282,1.14409654516025,1.01345846769558,0.735453498777707,1.16792785794206,0.798603224683277,0.67360277722375
283,1.13876706026846,1.01013403217762,0.736938159809752,1.17980106408688,0.800505322854819,0.679403979503967
284,1.1239732821586,0.994518409148333,0.725032685121301,1.15167544257809,0.786974732011388,0.663034754779811
285,1.13890672509271,1.01129916270656,0.734456979928815,1.17351881248915,0.797839990584629,0.676918308797995
286,1.10600410643091,0.97852095977109,0.714373059211679,1.13823247571772,0.775698945409076,0.65514434508486
287,1.16183116510374,1.03185258922872,0.747099388832563,1.1910845844673,0.811622014154891,0.687688646954275
288,1.11284682892671,0.984174347692979,0.721627050296348,1.15291043557092,0.783524622849015,0.662600353970539
289,1.12535163832113,0.998798042141929,0.72317371913081,1.14871507407676,0.785213591911832,0.66299889733985
290,1.13037629188616,1.00205812914714,0.729923605961453,1.16894971401275,0.793176169760065,0.673846004223683
291,1.1229477578161,0.994681237707038,0.724030607970339,1.15130787155369,0.7861160139375,0.663047878930899
292,1.12196933188219,0.995492290752319,0.723442918384584,1.15567626446576,0.785883319434452,0.66658638466173
293,1.15851960295478,1.02638599676336,0.74669764442913,1.19018096656914,0.811048363991655,0.685922723600487
294,1.09542029017032,0.970351502115339,0.709536438156147,1.13210313000404,0.7702608655853,0.651101629064742
295,1.1438139309064,1.01496091865494,0.73383726031145,1.16750370794996,0.797162779801391,0.674581412255521
296,1.10882942925769,0.982496519655005,0.718074528379366,1.15015879562638,0.780118051670074,0.661865433753725
297,1.13531806433416,1.00633321498262,0.729347700875174,1.15794069164628,0.791975855989837,0.668131648729057
298,1.12288995002785,0.996050082433713,0.726116267538883,1.16331622614417,0.788926815218798,0.670236948367018
299,1.14469662114157,1.01354506057953,0.737069159392768,1.17108833152609,0.800284174131747,0.674828717395879
300,1.11279511291019,0.987141022002551,0.719911283385982,1.15138395175459,0.781880426151834,0.663086473839315
301,1.15606574101253,1.02411028723113,0.743517754842532,1.18228238598891,0.80746052788429,0.681911618889399
302,1.12135004215606,0.994057715870079,0.726696420730634,1.16244600041518,0.789160239510753,0.668733174386783
303,1.14408379987406,1.01332758171991,0.736162710860803,1.16911907608838,0.799222962855013,0.674089497340978
304,1.11271201970505,0.987048731555511,0.720039105383844,1.1524380855873,0.782111188298672,0.663633695241693
305,1.13152008787283,1.00223070379614,0.727508034401351,1.15601361404495,0.790027211383961,0.666759282692519
306,1.10204931875246,0.978088544951525,0.712131417081925,1.14003625006824,0.77370485285892,0.656989132947288
307,1.14606909236678,1.01536880057949,0.736170369517743,1.17076884685948,0.799665737100206,0.675648248121622
308,1.10621176913079,0.981079722871216,0.71631723374806,1.14669383623501,0.778079631627585,0.660014111893445
309,1.15814949034624,1.02610584668983,0.743941325186282,1.18176297504858,0.807903468828862,0.681958304341793
310,1.12388016621136,0.996394807122016,0.728879719706854,1.16740430601106,0.791620580521274,0.671483012167681
311,1.12453386454426,0.995592490414566,0.723456245592041,1.14743548862354,0.7852972017572,0.661438613138669
312,1.1390061659481,1.01153522260505,0.735251531812748,1.17757489706284,0.79893413280499,0.679165770080623
313,1.12183910702039,0.992038432510082,0.724213757390217,1.15170706609503,0.786230172889691,0.662752799851401
314,1.14523547339263,1.017205094705,0.73806148480975,1.1780611242377,0.801684019994111,0.679654985263816
315,1.1442537378756,1.01217138037874,0.739846391264401,1.17992627791366,0.803358855489848,0.678930276103226
316,1.13547827897258,1.00704039381723,0.733341801826778,1.1676603065477,0.796078347884187,0.672431948209994
317,1.14176857043437,1.01133850279592,0.737014238719547,1.17549925862392,0.80034139781941,0.67728568674086
318,1.11539694848748,0.988634248405311,0.720576068219521,1.14850946963671,0.782384154231447,0.661261965683274
319,1.12806097988468,1.00025559144785,0.726109913931011,1.15735195389893,0.78870418867032,0.667757267829817
320,1.12170912905803,0.994406756090826,0.724053960133881,1.1564517142586,0.786544362518162,0.666306474137127
321,1.14086420431218,1.01113133546953,0.735000569274497,1.17070845924914,0.79824718724974,0.674914293035662
322,1.13265043392954,1.00386324908113,0.732118159183462,1.1690190985674,0.795081933763773,0.673149280681156
323,1.12363888010794,0.995473159158387,0.724638702497728,1.15338084448805,0.786778757524852,0.664512844447811
324,1.14367939861094,1.01453074962556,0.737446377366229,1.17738295351616,0.801063253382329,0.678909856122985
325,1.10813497659478,0.981007906026528,0.716257676391734,1.14166883841454,0.777694513527942,0.657021636118878
326,1.14259744951182,1.01423741122051,0.734659369544059,1.17060360373766,0.798040909929496,0.675816650092744
327,1.11324991478168,0.985688999268784,0.720273136817248,1.15132308563377,0.782328553945306,0.662575644040412
328,1.14707537188546,1.01747009079237,0.737636801781623,1.17290292948287,0.80104351023739,0.676699266428293
329,1.12181071163441,0.993826018832138,0.726278590655232,1.16207238854319,0.788844728351335,0.668844658600815
330,1.12884519954516,1.00041610100908,0.726472956546489,1.15398570251471,0.788742519508411,0.665293501493168
331,1.12340755756276,0.996597512898904,0.725468513162608,1.16095357759975,0.788187026213107,0.669254024600127
332,1.1205817543951,0.992364253473052,0.721883102015184,1.148288320258,0.783903116188972,0.661653685711702
333,1.14482542238553,1.01614028485614,0.738122363823499,1.17948888428681,0.801908396209644,0.680333459579112
334,1.12353916927641,0.994095737657259,0.726271775604198,1.15715557922082,0.788532268161398,0.665770372437113
335,1.13224825614066,1.00491907186652,0.729423162785247,1.16232184202203,0.792147979451702,0.67041013919914
336,1.12059278507025,0.992415688681341,0.723585696384147,1.15535771289867,0.785946081132735,0.665522537533911
337,1.11142844789984,0.985873441557223,0.715827772450492,1.14003915198599,0.777428309642866,0.657358526627095
338,1.15310881343732,1.02256973114509,0.742581109796718,1.18615046869793,0.806870967113987,0.684393522191975
339,1.10386526741417,0.977234126639585,0.714657955139535,1.13952974222195,0.775876468101092,0.655211629119866
340,1.16938341848693,1.03782994751683,0.751164137611295,1.19561349944215,0.815895803663122,0.690525176894643
341,1.08771208721861,0.962400709049623,0.706692752928415,1.13099535677886,0.767333957659337,0.649582300503184
342,1.17673930943852,1.04454274141632,0.753407708380769,1.19479725570254,0.81821526539211,0.690706634093407
343,1.08815621508559,0.963191704112409,0.708737598215857,1.13897519697759,0.76980068725409,0.653954684950158
344,1.15859569934996,1.02742814233238,0.740860395478322,1.1705134598322,0.80429544828448,0.676473496056201
345,1.09356081043278,0.969969345430836,0.711067200396584,1.14601224663207,0.772769240726718,0.659208823586564
346,1.16791075994818,1.03396682405225,0.747643098943986,1.18078104238793,0.811624138557471,0.681606513655486
347,1.08736570953196,0.965310003225245,0.70765563727795,1.14001093773054,0.768856078385642,0.655595883196152
348,1.13408087556778,1.00349891483765,0.72489559705759,1.14398573436878,0.786972686041902,0.660785913610601
349,1.11456339997528,0.991380229948554,0.722294602102764,1.16459979334949,0.785312937880686,0.671335528743208
350,1.14493086174139,1.01101677504399,0.735463030979541,1.16288728567678,0.798295091877758,0.669907054859615
351,1.11915518689617,0.995704699118201,0.724929710775916,1.16413300005113,0.787621806435673,0.670876080266416
352,1.13615376432645,1.00332611587905,0.730634747156834,1.15809826215121,0.793180744909165,0.667243009379813
353,1.10857194032558,0.986307630838555,0.716907061714859,1.14916812725685,0.778890786146825,0.66243785654655
354,1.16170066562612,1.02685740660856,0.746604681790597,1.18603397885662,0.810834709719514,0.683967289460295
355,1.09833969842509,0.975456652490036,0.712758120399903,1.14147610286251,0.774008201085603,0.656473437648381
356,1.16606706344529,1.03203027673006,0.747706148547318,1.18602614430209,0.81195708539853,0.684891877080417
357,1.09475182235892,0.971619093462837,0.711611758713224,1.14235744913265,0.772940512399004,0.656593738425151
358,1.16524959730791,1.03145960671679,0.746276152627993,1.18109630470619,0.810256981693634,0.682162518778571
359,1.09114368635552,0.968707852759643,0.709685794124598,1.14169214239814,0.771018809813925,0.65638263613238
360,1.15780027229809,1.02450840191772,0.740817182543446,1.17065197183209,0.804279214247437,0.676127600653689
361,1.08285598944866,0.962192905346961,0.704012924469558,1.13437613844338,0.76505892246386,0.652637613026267
362,1.18847098501086,1.05138212538861,0.759932135318975,1.20086942553223,0.825155219299079,0.693680210486254
363,1.08355047976798,0.961976681579175,0.707440768216061,1.14019293757702,0.768411550609603,0.654574444917884
364,1.19588783928926,1.05789336049726,0.763948089538077,1.20427526485468,0.829210921177847,0.69587017458034
365,1.07331410129502,0.953123500425798,0.70203394736157,1.13415422545966,0.762637024404124,0.650834955717125
366,1.18587368305763,1.04877883843051,0.755860682902849,1.18871333506416,0.820387652191337,0.68732091041544
367,1.07533893695886,0.956019476328757,0.7031880180465,1.13914646369924,0.76423731199658,0.654229605231235
368,1.16498136017003,1.02904702321778,0.742252038701371,1.16508288877427,0.805499487391183,0.673326684291811
369,1.09063136338785,0.97151464561455,0.711199351730075,1.15317258951821,0.77327070957539,0.663572905036131
370,1.1516825927075,1.01539014341655,0.73565894734684,1.15545957226755,0.798265026809301,0.666634234465235
371,1.1223776993156,1.00107980690977,0.729474816934896,1.17957430943873,0.793062530917737,0.679727579268133
372,1.11696272094511,0.982817778723479,0.717147004356574,1.12913362246842,0.778000673903795,0.649860491721634
373,1.14543919605186,1.02327620967289,0.739510907029746,1.19025004082034,0.80399214108329,0.68774445124336
374,1.12066778727298,0.985339535560601,0.723799705872999,1.14750825699434,0.785526100110707,0.659178302030541
375,1.12692151138417,1.00591476221684,0.726083101030065,1.16060421537173,0.788740921830817,0.670320450210484
376,1.14431633388591,1.00883140381308,0.73823250572118,1.17688411484264,0.801853528054541,0.677646130245033
377,1.13515291846528,1.00989993006808,0.733659351393596,1.16979395919071,0.796552019535163,0.673625501109833
378,1.13768987821304,1.00488473176735,0.734057035776684,1.16943566770608,0.797038149762004,0.673718828658442
379,1.1022777862557,0.979748907527614,0.71192483149698,1.13580132152675,0.773113554459456,0.654237866015252
380,1.14691604346547,1.01524002409546,0.736928518477978,1.17427567513993,0.800632206858694,0.678027276517891
381,1.12581582429305,0.998999546119034,0.729012724074459,1.16567762650037,0.79178760123173,0.670604605730253
382,1.12180108123898,0.992642763729703,0.722151050199275,1.14709164056226,0.783975026799116,0.661317212494372
383,1.12176471014431,0.996710970491315,0.723732179434633,1.15828793795604,0.786407211609197,0.668043817549904
384,1.12353860002897,0.993837962964514,0.723820917819803,1.15181149982149,0.78607660647496,0.663665285378421
385,1.14153824861183,1.01404040982898,0.736258970738839,1.1763276590917,0.799827936001263,0.678368923162676
386,1.10880254438965,0.980347593052554,0.716418111043451,1.14123143515433,0.77784653819916,0.656754514202705
387,1.16333351591476,1.03375414151639,0.748137684710269,1.19268630601056,0.812717256964781,0.68861157484115
388,1.07985977552535,0.954156716063569,0.700798720485863,1.11978527351058,0.760861222615337,0.643271113856883
389,1.15663583031763,1.02854047140328,0.739674522966739,1.17443953251628,0.803547933544356,0.679595909434431
390,1.11321288068295,0.984703512139205,0.723368029197134,1.16251262278156,0.785987551240845,0.668139782331504
391,1.15492758063306,1.02404426011024,0.741159350051351,1.17173947623744,0.804374775452042,0.675909507313846
392,1.12185775624008,0.99467436777123,0.728079289882081,1.17043760730747,0.791044091978012,0.673729853312164
393,1.16465507026468,1.03075974542421,0.748705109713544,1.18465189597467,0.812582749326576,0.682559068232442
394,1.08416698625548,0.962103543303191,0.704219696491893,1.13079609914451,0.764852813724145,0.650620596441495
395,1.17647295748737,1.04214280701124,0.752557145660819,1.19154508104715,0.81731429929103,0.688512962190905
396,1.09230120736569,0.968836323104946,0.711914935389916,1.14593318914651,0.773334650220648,0.658164362437796
397,1.16328091512165,1.02960506210542,0.743742607949584,1.17316020223709,0.807267669151205,0.677686496017336
398,1.09382214170348,0.971852467617156,0.712072218938957,1.14930637781587,0.773883655304209,0.66105425349903
399,1.1682388135608,1.0325562767765,0.747243153273242,1.17783639573572,0.811047283128393,0.67983420825962
400,1.09332427156182,0.972360659311561,0.712096449873418,1.14944466781047,0.773811262189461,0.661153896093975
401,1.15754337075086,1.0222396455244,0.740127772253849,1.16601756183105,0.803304468395442,0.673023490898362
402,1.1049107167586,0.983834594764909,0.718634929199314,1.16035281036004,0.781089894927076,0.66799816217639
403,1.16124911560242,1.02425104200199,0.743996065464678,1.17283308508864,0.807414427788713,0.676198456620669
404,1.09282182006623,0.973707829596057,0.7106492362978,1.14592910321491,0.772215341301401,0.659684155686306
405,1.15935406829027,1.02274595867439,0.741712633309866,1.17040015323969,0.805187474968552,0.675486139957305
406,1.1066299062588,0.985975421447445,0.719658943377755,1.16045418719891,0.782072114470463,0.667875411501585
407,1.14453107773413,1.00888517351589,0.733383810729441,1.15663004116286,0.795905595477646,0.666945295732173
408,1.10441752294925,0.985074675889123,0.716445297811196,1.15471964899525,0.778713568906828,0.665476717112866
409,1.15388852469738,1.01689055711635,0.739916772371343,1.16928745401286,0.803229918860633,0.674122677176019
410,1.10866098915044,0.988346555423678,0.719718472077709,1.15792493952566,0.781996557763078,0.666777616289278
411,1.15944369311924,1.02210991134847,0.743866487904877,1.17626318974827,0.807473304188862,0.67821760596459
412,1.08240086960628,0.964635981105363,0.703260816698184,1.13118892637693,0.764023584405093,0.65100317697903
413,1.17191799079001,1.03452661657169,0.74912817515854,1.18462154842191,0.813529743682169,0.684470708243971
414,1.09389260736041,0.973691879819482,0.712863855698062,1.14892422090785,0.774512160031387,0.660203253864028
415,1.14578402370669,1.01097379153512,0.7323377216742,1.15382556582988,0.794814511078482,0.666332426308668
416,1.10297141430044,0.983485854066673,0.716466823330839,1.15738547638058,0.778946304056845,0.666707508314251
417,1.1580598965104,1.02041217997223,0.741927519885844,1.16988195861339,0.805242102396178,0.674468788477067
418,1.10454054276386,0.985055112983435,0.717887314126556,1.15728684374765,0.780097157773326,0.666377580337719
419,1.15136933140101,1.01438547681917,0.737771103827353,1.16426907048162,0.800769003225973,0.671358288584329
420,1.10424573463565,0.985102062817896,0.716986707990967,1.15522226431368,0.779180228726273,0.665396602646926
421,1.15388277315954,1.01655195443591,0.739636866552613,1.16829548363226,0.802874496210496,0.673686815037721
422,1.1087168962597,0.988861167105761,0.719946803837349,1.15901478404037,0.782300622702595,0.667389014855192
423,1.16301149785003,1.02473209132596,0.746030037783772,1.17901467109116,0.809776832420025,0.679761575866166
424,1.09997002972865,0.980563510312195,0.714994945044983,1.15035440783627,0.776748069211426,0.661937961444958
425,1.1564925738341,1.01961024779059,0.740695563232987,1.17021920898762,0.804066991885318,0.675310018509131
426,1.10500378310491,0.985015751648627,0.71808518165795,1.15661353374196,0.780310046422802,0.665683459192333
427,1.15077000096103,1.01420924220414,0.73743682466138,1.16423304058105,0.800409914484224,0.671506195750313
428,1.13533429264311,1.01224075506625,0.736857642335745,1.18638494744006,0.800751661673977,0.683294528351014
429,1.1319736114901,0.996239944840037,0.728590614365629,1.15077075738065,0.790459738531081,0.662154001530202
430,1.11786984215177,0.998041294918747,0.722587084724348,1.16049700519339,0.785221118050848,0.669710248386809
431,1.14677236202977,1.0099686752398,0.737777520838693,1.17053314276152,0.801090330517721,0.674172877624824
432,1.11385085963993,0.992966027072837,0.721252704564802,1.15538157797416,0.783389858971868,0.66554364734336
433,1.14133776792091,1.0064398876551,0.73350948407313,1.16419240781789,0.796467964707758,0.67129547103744
434,1.11114278255894,0.989936175332714,0.719330644928034,1.15298694003144,0.781474070874388,0.66411527170125
435,1.15001734640346,1.01474138999039,0.738833251500916,1.17238714756103,0.802256942345201,0.676152965561342
436,1.10446621766268,0.983228384189575,0.716001215724818,1.14809948049902,0.777769658575187,0.660846337825322
437,1.13867848111888,1.00532819524364,0.730416272601324,1.15769242491853,0.79310798572327,0.668128644983116
438,1.11470885615366,0.992561982586857,0.721997587677661,1.15960720230885,0.78458826539192,0.667982728838077
439,1.13925847264697,1.00518348891142,0.731937042153691,1.15944051808041,0.794592292789374,0.66835489979956
440,1.13117223280998,1.0074050345439,0.732205422668028,1.17503997620099,0.795569971607024,0.677145283669778
441,1.14377171342372,1.00856231073924,0.736748043783787,1.16807386537103,0.799675637512158,0.672475679935869
442,1.11187254826074,0.990235263565625,0.719449787749634,1.15236232206225,0.781461526654243,0.664049164526034
443,1.15424044392011,1.01896310694516,0.741853085401048,1.17812617976875,0.805617929011104,0.679364369204692
444,1.09164523469166,0.971184081945503,0.708005279189994,1.13450479599738,0.76896088186681,0.652776484917458
445,1.13297491477971,1.00134563866268,0.72530434321638,1.14977780288973,0.787745812862971,0.664355221886086
446,1.12719145550093,1.00324284233454,0.730007054568186,1.17367879219457,0.7934949511874,0.676134154339303
447,1.12596098867234,0.993030794447845,0.724471613416586,1.14648992476807,0.786232930798952,0.660205183714052
448,1.14575747700881,1.0210363064486,0.739937971312207,1.18700792750069,0.804093223811787,0.684967119841023
449,1.09739011099192,0.966496666362667,0.708898258564838,1.12518342171898,0.769382260697361,0.646748850628206
450,1.14147781351649,1.01864770978699,0.732978901033707,1.17115305788121,0.796557590535422,0.677414163785257
451,1.13694594616811,1.00201098817761,0.735883826581338,1.17553590447269,0.799309917686485,0.675842609138655
452,1.12171954205077,0.998149155927816,0.723190553306741,1.14925266714862,0.784956421636207,0.662337693614151
453,1.14755848513321,1.01457632009369,0.739977140401936,1.18310632365046,0.803969917764538,0.682352797795254
454,1.10783984827187,0.983375009792854,0.71644432672434,1.14069650442254,0.77776215056386,0.656051008758252
455,1.15780561694613,1.02557082967225,0.744138682583124,1.18606369959174,0.808352529562581,0.685065615729835
456,1.09432182109098,0.970163957188876,0.709970419853434,1.13514028827549,0.770953902190277,0.652222414048236
457,1.16037168551392,1.02857338734133,0.743275716389103,1.17956645794121,0.807239183019072,0.681880903189192
458,1.10946963833167,0.983759388479407,0.721217374635931,1.15869648519503,0.78352453987136,0.665870380186745
459,1.14071078717906,1.00960179626101,0.731203417775456,1.15521607406852,0.793591024977528,0.666702210837016
460,1.09435983384324,0.972779254927737,0.709657402133402,1.14320764985121,0.771371598212269,0.65862647457714
461,1.15475557740371,1.02084107197402,0.739347363644011,1.16848192207301,0.802765518277793,0.674327144128741
462,1.10313085483857,0.981079596032459,0.716894434261103,1.15497103344183,0.779025005497047,0.664783274063573
463,1.14210185681582,1.00839453514383,0.731431263057383,1.1540278796441,0.793891074359834,0.665713294221404
464,1.1213590928124,0.998961647586574,0.727391866404752,1.17266438064529,0.79067060880636,0.675820811961706
465,1.16212153185026,1.0242092971174,0.746743590317893,1.17931482112555,0.81035725761541,0.679040301694743
466,1.09842468891871,0.978932113245644,0.713566302080028,1.14769149107778,0.775126074424501,0.660789139001359
467,1.12636998414486,0.993044291050781,0.720996429255786,1.13892354207368,0.782761650806805,0.657282507039503
468,1.12568962337528,1.00470572254564,0.728655300771133,1.17416165283497,0.792243230908011,0.67730486588037
469,1.12938557510717,0.993504736955125,0.726556004279064,1.14851895904973,0.788481881933466,0.660924139844196
470,1.13594645291302,1.01464839331493,0.734058080887932,1.1785897237519,0.797693916624192,0.680235123008654
471,1.13124338921414,0.9947308982787,0.729587714450975,1.15736816171206,0.791940550364642,0.665638902002884
472,1.14842782785002,1.0252086930932,0.741361284876993,1.1858670367291,0.80529518735449,0.684160839176851
473,1.12741027737682,0.991789189108742,0.728875432857372,1.15963583255001,0.791206195879068,0.666728320694575
474,1.13319277617999,1.01099612167667,0.730305692947476,1.16457866542164,0.793103029655431,0.67190872537392
475,1.11109502885138,0.978948749303063,0.717533007782837,1.14513025530655,0.779332707531522,0.65936486323396
476,1.14042970131338,1.01660423236469,0.733453536251005,1.16828256415303,0.796710171308925,0.674295084393869
477,1.12749566080004,0.994376877123595,0.729433880666711,1.16622578993827,0.792287325898955,0.671238374882426
478,1.10938411737763,0.987245513996401,0.714408486709902,1.13512230384337,0.775598971475847,0.654307120622122
479,1.14196472127581,1.01013719107705,0.735393118303635,1.17676443293712,0.799233030493688,0.679356837808712
480,1.12325078671208,0.996946038901591,0.726185710025948,1.15660856137435,0.788460338013791,0.66519592263989
481,1.15968720658844,1.02663128209127,0.746912281217673,1.19027925662347,0.811132587388315,0.686746079086236
482,1.10659481271937,0.981188797366734,0.717476516916127,1.14577312180088,0.778960717046609,0.658494387113151
483,1.14961329492741,1.01862855980363,0.737753701443209,1.17190002456087,0.801171049250798,0.676924039024721
484,1.10452633559339,0.97979455062007,0.716479722170031,1.14931973729108,0.778376682474848,0.661036335462519
485,1.13867869341358,1.00812276305753,0.729998160964493,1.15583193115684,0.792554943391702,0.667278760877314
486,1.1255184034439,0.999961338841481,0.729321353403178,1.172783347043,0.792644229699579,0.675548635041679
487,1.11911333016719,0.988453521337953,0.719649406118171,1.1379640830974,0.780981619833651,0.655366642619378
488,1.13342220226395,1.00943882111112,0.731552592602244,1.17500533611591,0.795171808803265,0.678472439682326
489,1.12388207064369,0.990981895807025,0.72488276055182,1.1502292575636,0.786900742093591,0.661524841995617
490,1.1333041403455,1.0097836746309,0.730808668201252,1.16896823681555,0.793920959047358,0.674810948819124
491,1.12803153664488,0.994819391937097,0.728113125355011,1.1592974829709,0.790664658109376,0.667137428190945
492,1.12231177858767,0.999391686477441,0.72372879927984,1.15466076995946,0.786006043832049,0.665949633153551
493,1.13652415881199,1.00356212292979,0.732594307252203,1.1683809332942,0.795772846518236,0.673371729052072
494,1.11451742341536,0.99116982874202,0.719914727529834,1.14834790081595,0.781783356926649,0.661384171294857
495,1.13136380940883,1.00013785199454,0.72792074023858,1.15977759049497,0.790677583317374,0.669170613731876
496,1.12175131649102,0.997188427719686,0.724726486919028,1.15826606848795,0.787272564414321,0.667153046603375
497,1.11842449673691,0.988449831261176,0.720087784131587,1.1455067737946,0.781945507104422,0.660434162314324
498,1.13494881501813,1.00963487781302,0.731782729702014,1.17025521923072,0.795141069011385,0.675021863885326
499,1.11773658059223,0.986941110638622,0.721596488529584,1.14885195001511,0.783510411597457,0.661301176357903
500,1.14706911760724,1.02060916461035,0.738635519516214,1.17850683800099,0.802355076046423,0.68010987136306
501,1.11100270877867,0.980750221015764,0.719071284450361,1.1475650969822,0.780807951853654,0.659994796144624
502,1.1554077628961,1.02784768380661,0.742439189440115,1.18101853868407,0.806323804058417,0.681884850544486
503,1.11404130686195,0.983901552128298,0.722710436324816,1.15720742538233,0.784911580470692,0.665276930640229
504,1.1600199601153,1.03070054956307,0.744860560123117,1.18074533649812,0.808627532830991,0.681377429476421
505,1.08159996438398,0.956443941142414,0.702776816327432,1.12880204873709,0.763401646170706,0.64906749375715
506,1.16875466780643,1.03824550088459,0.746501460284645,1.18039868425324,0.810703695360364,0.682538877186956
507,1.08914573367387,0.964050446876573,0.710320045075263,1.14646791132353,0.771876030665846,0.658592922963441
508,1.18231724131647,1.04794273113584,0.754715355897374,1.18719065749255,0.819046538976769,0.685852817346767
509,1.09082602485595,0.96773198300712,0.713229857270375,1.15559785017245,0.775134322215101,0.663843601182466
510,1.18870731437682,1.05085659055179,0.758144170936797,1.18812239853896,0.822461311872323,0.685939017510851
511,1.0690346291663,0.951161827115712,0.700427169986545,1.13904437358613,0.761364196110204,0.654463043012948
512,1.17464104420411,1.03620860994028,0.745827794438877,1.16439602316801,0.809171547709341,0.673069152645088
513,1.08726605042996,0.97088511362405,0.712357012786628,1.16379567145144,0.774904595623808,0.669498449058415
514,1.15315258949297,1.01247232510061,0.733333326650543,1.14004718861189,0.795075103962506,0.657448359887173
515,1.11507121831155,1.00070241543518,0.72765035821068,1.18946856886234,0.791836390190037,0.686302339295916
516,1.14634060712635,1.00120371415494,0.733040614432336,1.14168829412553,0.794597918865016,0.656129358769855
517,1.12976792028645,1.01755090014581,0.734499844003668,1.19461214974315,0.798879157921005,0.690238623702146
518,1.13584974038733,0.988946078724637,0.729299041417971,1.14234847618678,0.790828336249652,0.655770093393418
519,1.12514540935623,1.01564971883679,0.7288826119017,1.17865462160962,0.79243411067578,0.681389843578404
520,1.13344604186857,0.985994279572657,0.728772347797844,1.14883318809125,0.790810750381289,0.660095152068395
521,1.13173134928213,1.02155971572214,0.73206884814152,1.17794018420897,0.795581411295558,0.680373822223519
522,1.10567967784887,0.96125163696686,0.712197599596292,1.12694127544205,0.772966612699166,0.647789839307865
